consultation_id,lead_id,facility_id,consent_ad,consult_date,source,priorities,visit_motive,decision_factor,noncontract_reason,contract,quote,email
A-X900,L-A9100,fac_A,1,2026-09-10 11:00,Google検索,料理・試食の満足|海の眺望,Instagramで見た海の写真,料理の試食で納得,,1,料理・試食の満足が決め手になったと本人が発言,user0@example.com
A-X901,L-A9101,fac_A,1,2026-09-11 11:00,Meta,チャペルの自然光|見積りの明確さ,料理の試食ができるから,披露宴会場の眺望,,1,チャペルの自然光が決め手になったと本人が発言,user1@example.com
A-X902,L-A9102,fac_A,1,2026-09-12 11:00,広告以外,海の眺望|駅からのアクセス,チャペルの写真,,希望日程が空いていない,0,資料は 090-1234-5678 に送ってほしいと話していた,user2@example.com
A-X903,L-A9103,fac_A,1,2026-09-13 11:00,Google検索,見積りの明確さ|少人数への対応,口コミサイトの評価,担当者の説明,,1,見積りの明確さが決め手になったと本人が発言,user3@example.com
A-X904,,fac_A,1,2026-09-14 11:00,Meta,駅からのアクセス|衣裳の選択肢,少人数プランがあるから,チャペルの自然光,,1,駅からのアクセスが決め手になったと本人が発言,user4@example.com
A-X905,L-A9105,fac_A,1,2026-09-15 11:00,広告以外,少人数への対応|担当者の対応,来館特典,,収容人数が合わない,0,少人数への対応が決め手になったと本人が発言,user5@example.com
A-X906,L-A9106,fac_A,1,2026-09-16 11:00,Google検索,衣裳の選択肢|料理・試食の満足,Instagramで見た海の写真,料理の試食で納得,,1,衣裳の選択肢が決め手になったと本人が発言,user6@example.com
A-X907,L-A9107,fac_A,0,2026-09-17 11:00,Meta,担当者の対応|チャペルの自然光,料理の試食ができるから,披露宴会場の眺望,,1,担当者の対応が決め手になったと本人が発言,user7@example.com
A-X908,L-A9108,fac_A,1,2026-09-18 11:00,広告以外,料理・試食の満足|海の眺望,チャペルの写真,,競合会場と比較中,0,料理・試食の満足が決め手になったと本人が発言,user8@example.com
A-X909,L-A9109,fac_A,1,2026-09-19 11:00,Google検索,チャペルの自然光|見積りの明確さ,口コミサイトの評価,担当者の説明,,1,チャペルの自然光が決め手になったと本人が発言,user9@example.com
A-X910,L-A9110,fac_A,1,2026-09-20 11:00,Meta,海の眺望|駅からのアクセス,少人数プランがあるから,チャペルの自然光,,1,海の眺望が決め手になったと本人が発言,user10@example.com
A-X911,L-A9111,fac_A,1,2026-09-21 11:00,広告以外,見積りの明確さ|少人数への対応,来館特典,,アクセスの不安,0,見積りの明確さが決め手になったと本人が発言,user11@example.com
A-X905,L-A9105,fac_A,1,2026-09-15 11:00,Meta,料理・試食の満足,Instagramで見た海の写真,,,0,重複行,dup@example.com
A-X950,L-A9150,fac_B,1,2026-09-18 11:00,Meta,料理・試食の満足,Instagramで見た海の写真,,,0,他施設の行,x@example.com